Hora;Nome do Usuário
22/05/2026 08:25;ACVOLIVEIRA
22/05/2026 08:43;ACVOLIVEIRA
22/05/2026 08:14;ACVOLIVEIRA
22/05/2026 08:23;ACVOLIVEIRA
22/05/2026 08:37;ACVOLIVEIRA
22/05/2026 09:46;ACVOLIVEIRA
22/05/2026 08:46;ACVOLIVEIRA
22/05/2026 08:30;ACVOLIVEIRA
22/05/2026 08:06;ACVOLIVEIRA
22/05/2026 08:20;ACVOLIVEIRA
22/05/2026 09:50;KBSANTOS
22/05/2026 09:33;KBSANTOS
22/05/2026 09:44;KBSANTOS
22/05/2026 09:52;BCOSTA
22/05/2026 09:45;BCOSTA
22/05/2026 09:33;BCOSTA
22/05/2026 09:54;JOAO.CONTRI
22/05/2026 10:46;JOAO.CONTRI
22/05/2026 10:46;JOAO.CONTRI
22/05/2026 10:46;JOAO.CONTRI
22/05/2026 10:27;JOAO.CONTRI
22/05/2026 10:27;JOAO.CONTRI
22/05/2026 10:27;JOAO.CONTRI
22/05/2026 10:27;JOAO.CONTRI
22/05/2026 10:27;JOAO.CONTRI
22/05/2026 09:19;JOAO.CONTRI
22/05/2026 09:19;JOAO.CONTRI
22/05/2026 09:09;JOAO.CONTRI
22/05/2026 09:09;JOAO.CONTRI
22/05/2026 09:10;JOAO.CONTRI
22/05/2026 09:10;JOAO.CONTRI
22/05/2026 09:10;JOAO.CONTRI
22/05/2026 09:10;JOAO.CONTRI
22/05/2026 10:01;JOAO.CONTRI
22/05/2026 10:01;JOAO.CONTRI
22/05/2026 10:01;JOAO.CONTRI
22/05/2026 10:02;JOAO.CONTRI
22/05/2026 10:02;JOAO.CONTRI
22/05/2026 10:02;JOAO.CONTRI
22/05/2026 09:53;JOAO.CONTRI
22/05/2026 09:53;JOAO.CONTRI
22/05/2026 09:54;JOAO.CONTRI
22/05/2026 09:54;JOAO.CONTRI
22/05/2026 09:54;JOAO.CONTRI
22/05/2026 09:54;JOAO.CONTRI
22/05/2026 09:54;JOAO.CONTRI
22/05/2026 09:09;JOAO.CONTRI
22/05/2026 09:09;JOAO.CONTRI
22/05/2026 09:09;JOAO.CONTRI
22/05/2026 09:09;JOAO.CONTRI
22/05/2026 09:09;JOAO.CONTRI
22/05/2026 09:09;JOAO.CONTRI
22/05/2026 09:09;JOAO.CONTRI
22/05/2026 09:54;JOAO.CONTRI
22/05/2026 10:03;JOAO.CONTRI
22/05/2026 09:09;JOAO.CONTRI
22/05/2026 10:22;JOAO.CONTRI
22/05/2026 10:22;JOAO.CONTRI
22/05/2026 10:23;JOAO.CONTRI
22/05/2026 10:23;JOAO.CONTRI
22/05/2026 10:23;JOAO.CONTRI
22/05/2026 10:23;JOAO.CONTRI
22/05/2026 10:33;JOAO.CONTRI
22/05/2026 10:34;JOAO.CONTRI
22/05/2026 10:34;JOAO.CONTRI
22/05/2026 10:34;JOAO.CONTRI
22/05/2026 10:34;JOAO.CONTRI
22/05/2026 10:34;JOAO.CONTRI
22/05/2026 10:34;JOAO.CONTRI
22/05/2026 09:10;JOAO.CONTRI
22/05/2026 09:10;JOAO.CONTRI
22/05/2026 09:10;JOAO.CONTRI
22/05/2026 09:21;JOAO.CONTRI
22/05/2026 09:21;JOAO.CONTRI
22/05/2026 09:21;JOAO.CONTRI
22/05/2026 09:21;JOAO.CONTRI
22/05/2026 09:21;JOAO.CONTRI
22/05/2026 09:21;JOAO.CONTRI
22/05/2026 09:21;JOAO.CONTRI
22/05/2026 09:21;JOAO.CONTRI
22/05/2026 09:53;JOAO.CONTRI
22/05/2026 09:54;JOAO.CONTRI
22/05/2026 10:22;JOAO.CONTRI
22/05/2026 10:23;JOAO.CONTRI
22/05/2026 10:23;JOAO.CONTRI
22/05/2026 10:23;JOAO.CONTRI
22/05/2026 10:23;JOAO.CONTRI
22/05/2026 09:53;JOAO.CONTRI
22/05/2026 09:53;JOAO.CONTRI
22/05/2026 09:53;JOAO.CONTRI
22/05/2026 09:54;JOAO.CONTRI
22/05/2026 09:54;JOAO.CONTRI
22/05/2026 09:54;JOAO.CONTRI
22/05/2026 09:54;JOAO.CONTRI
22/05/2026 09:54;JOAO.CONTRI
22/05/2026 09:43;JOAO.CONTRI
22/05/2026 09:43;JOAO.CONTRI
22/05/2026 09:43;JOAO.CONTRI
22/05/2026 09:43;JOAO.CONTRI
22/05/2026 09:19;JOAO.CONTRI
22/05/2026 09:19;JOAO.CONTRI
22/05/2026 09:19;JOAO.CONTRI
22/05/2026 09:19;JOAO.CONTRI
22/05/2026 09:19;JOAO.CONTRI
22/05/2026 09:46;JOAO.CONTRI
22/05/2026 09:46;JOAO.CONTRI
22/05/2026 09:46;JOAO.CONTRI
22/05/2026 09:21;JOAO.CONTRI
22/05/2026 09:21;JOAO.CONTRI
22/05/2026 09:45;JOAO.CONTRI
22/05/2026 09:46;JOAO.CONTRI
22/05/2026 09:46;JOAO.CONTRI
22/05/2026 09:46;JOAO.CONTRI
22/05/2026 09:46;JOAO.CONTRI
22/05/2026 09:46;JOAO.CONTRI
22/05/2026 09:46;JOAO.CONTRI
22/05/2026 09:46;JOAO.CONTRI
22/05/2026 09:54;JOAO.CONTRI
22/05/2026 09:43;JOAO.CONTRI
22/05/2026 09:45;JOAO.CONTRI
22/05/2026 10:36;JOAO.CONTRI
22/05/2026 10:36;JOAO.CONTRI
22/05/2026 10:37;JOAO.CONTRI
22/05/2026 10:37;JOAO.CONTRI
22/05/2026 10:37;JOAO.CONTRI
22/05/2026 10:37;JOAO.CONTRI
22/05/2026 10:37;JOAO.CONTRI
22/05/2026 10:37;JOAO.CONTRI
22/05/2026 10:37;JOAO.CONTRI
22/05/2026 10:46;JOAO.CONTRI
22/05/2026 10:46;JOAO.CONTRI
22/05/2026 09:43;JOAO.CONTRI
22/05/2026 09:43;JOAO.CONTRI
22/05/2026 09:43;JOAO.CONTRI
22/05/2026 09:09;JOAO.CONTRI
22/05/2026 09:10;JOAO.CONTRI
22/05/2026 09:09;JOAO.CONTRI
22/05/2026 09:10;JOAO.CONTRI
22/05/2026 10:33;JOAO.CONTRI
22/05/2026 10:33;JOAO.CONTRI
22/05/2026 10:33;JOAO.CONTRI
22/05/2026 10:33;JOAO.CONTRI
22/05/2026 10:23;JOAO.CONTRI
22/05/2026 10:23;JOAO.CONTRI
22/05/2026 10:23;JOAO.CONTRI
22/05/2026 10:24;JOAO.CONTRI
22/05/2026 10:24;JOAO.CONTRI
22/05/2026 10:24;JOAO.CONTRI
22/05/2026 10:24;JOAO.CONTRI
22/05/2026 10:24;JOAO.CONTRI
22/05/2026 10:33;JOAO.CONTRI
22/05/2026 10:34;JOAO.CONTRI
22/05/2026 10:34;JOAO.CONTRI
22/05/2026 10:34;JOAO.CONTRI
22/05/2026 10:34;JOAO.CONTRI
22/05/2026 10:34;JOAO.CONTRI
22/05/2026 10:01;JOAO.CONTRI
22/05/2026 10:01;JOAO.CONTRI
22/05/2026 10:01;JOAO.CONTRI
22/05/2026 10:01;JOAO.CONTRI
22/05/2026 10:01;JOAO.CONTRI
22/05/2026 10:01;JOAO.CONTRI
22/05/2026 10:01;JOAO.CONTRI
22/05/2026 10:02;JOAO.CONTRI
22/05/2026 10:02;JOAO.CONTRI
22/05/2026 10:02;JOAO.CONTRI
22/05/2026 10:33;JOAO.CONTRI
22/05/2026 10:33;JOAO.CONTRI
22/05/2026 10:34;JOAO.CONTRI
22/05/2026 10:34;JOAO.CONTRI
22/05/2026 10:34;JOAO.CONTRI
22/05/2026 10:34;JOAO.CONTRI
22/05/2026 10:37;JOAO.CONTRI
22/05/2026 10:02;JOAO.CONTRI
22/05/2026 10:02;JOAO.CONTRI
22/05/2026 10:03;JOAO.CONTRI
22/05/2026 09:59;JOAO.CONTRI
22/05/2026 10:34;JOAO.CONTRI
22/05/2026 09:58;JOAO.CONTRI
22/05/2026 10:23;JOAO.CONTRI
22/05/2026 10:34;JOAO.CONTRI
22/05/2026 09:47;JOSE.JUNIOR
22/05/2026 09:47;JOSE.JUNIOR
22/05/2026 09:47;JOSE.JUNIOR
22/05/2026 09:47;JOSE.JUNIOR
22/05/2026 09:54;JOSE.JUNIOR
22/05/2026 09:54;JOSE.JUNIOR
22/05/2026 09:51;JOSE.JUNIOR
22/05/2026 09:51;JOSE.JUNIOR
22/05/2026 10:28;JOSE.JUNIOR
22/05/2026 10:28;JOSE.JUNIOR
22/05/2026 10:28;JOSE.JUNIOR
22/05/2026 10:28;JOSE.JUNIOR
22/05/2026 09:52;JOSE.JUNIOR
22/05/2026 09:52;JOSE.JUNIOR
22/05/2026 09:52;JOSE.JUNIOR
22/05/2026 09:52;JOSE.JUNIOR
22/05/2026 10:19;JOSE.JUNIOR
22/05/2026 10:19;JOSE.JUNIOR
22/05/2026 10:20;JOSE.JUNIOR
22/05/2026 10:20;JOSE.JUNIOR
22/05/2026 10:17;JOSE.JUNIOR
22/05/2026 10:18;JOSE.JUNIOR
22/05/2026 10:18;JOSE.JUNIOR
22/05/2026 10:18;JOSE.JUNIOR
22/05/2026 10:18;JOSE.JUNIOR
22/05/2026 10:18;JOSE.JUNIOR
22/05/2026 10:18;JOSE.JUNIOR
22/05/2026 10:18;JOSE.JUNIOR
22/05/2026 09:56;JOSE.JUNIOR
22/05/2026 09:47;JOSE.JUNIOR
22/05/2026 09:47;JOSE.JUNIOR
22/05/2026 09:47;JOSE.JUNIOR
22/05/2026 09:48;JOSE.JUNIOR
22/05/2026 09:48;JOSE.JUNIOR
22/05/2026 09:12;JOSE.JUNIOR
22/05/2026 09:12;JOSE.JUNIOR
22/05/2026 09:12;JOSE.JUNIOR
22/05/2026 09:12;JOSE.JUNIOR
22/05/2026 09:12;JOSE.JUNIOR
22/05/2026 09:12;JOSE.JUNIOR
22/05/2026 09:12;JOSE.JUNIOR
22/05/2026 09:12;JOSE.JUNIOR
22/05/2026 09:12;JOSE.JUNIOR
22/05/2026 09:12;JOSE.JUNIOR
22/05/2026 09:11;JOSE.JUNIOR
22/05/2026 09:11;JOSE.JUNIOR
22/05/2026 09:11;JOSE.JUNIOR
22/05/2026 09:51;JOSE.JUNIOR
22/05/2026 09:51;JOSE.JUNIOR
22/05/2026 09:51;JOSE.JUNIOR
22/05/2026 09:52;JOSE.JUNIOR
22/05/2026 09:52;JOSE.JUNIOR
22/05/2026 09:54;JOSE.JUNIOR
22/05/2026 09:54;JOSE.JUNIOR
22/05/2026 09:54;JOSE.JUNIOR
22/05/2026 09:20;JOSE.JUNIOR
22/05/2026 09:20;JOSE.JUNIOR
22/05/2026 09:20;JOSE.JUNIOR
22/05/2026 09:20;JOSE.JUNIOR
22/05/2026 09:20;JOSE.JUNIOR
22/05/2026 09:41;JOSE.JUNIOR
22/05/2026 09:41;JOSE.JUNIOR
22/05/2026 09:41;JOSE.JUNIOR
22/05/2026 09:39;JOSE.JUNIOR
22/05/2026 09:35;JOSE.JUNIOR
22/05/2026 09:35;JOSE.JUNIOR
22/05/2026 09:35;JOSE.JUNIOR
22/05/2026 09:35;JOSE.JUNIOR
22/05/2026 09:35;JOSE.JUNIOR
22/05/2026 09:35;JOSE.JUNIOR
22/05/2026 09:35;JOSE.JUNIOR
22/05/2026 09:51;JOSE.JUNIOR
22/05/2026 09:51;JOSE.JUNIOR
22/05/2026 09:51;JOSE.JUNIOR
22/05/2026 09:51;JOSE.JUNIOR
22/05/2026 09:51;JOSE.JUNIOR
22/05/2026 09:51;JOSE.JUNIOR
22/05/2026 09:51;JOSE.JUNIOR
22/05/2026 09:51;JOSE.JUNIOR
22/05/2026 09:51;JOSE.JUNIOR
22/05/2026 09:51;JOSE.JUNIOR
22/05/2026 09:51;JOSE.JUNIOR
22/05/2026 09:51;JOSE.JUNIOR
22/05/2026 09:52;JOSE.JUNIOR
22/05/2026 09:52;JOSE.JUNIOR
22/05/2026 09:41;JOSE.JUNIOR
22/05/2026 09:41;JOSE.JUNIOR
22/05/2026 09:42;JOSE.JUNIOR
22/05/2026 09:42;JOSE.JUNIOR
22/05/2026 09:42;JOSE.JUNIOR
22/05/2026 09:42;JOSE.JUNIOR
22/05/2026 09:52;JOSE.JUNIOR
22/05/2026 10:43;JOSE.JUNIOR
22/05/2026 09:52;JOSE.JUNIOR
22/05/2026 09:54;JOSE.JUNIOR
22/05/2026 09:54;JOSE.JUNIOR
22/05/2026 09:54;JOSE.JUNIOR
22/05/2026 09:54;JOSE.JUNIOR
22/05/2026 09:54;JOSE.JUNIOR
22/05/2026 09:42;JOSE.JUNIOR
22/05/2026 09:19;JOSE.JUNIOR
22/05/2026 09:19;JOSE.JUNIOR
22/05/2026 09:19;JOSE.JUNIOR
22/05/2026 09:35;JOSE.JUNIOR
22/05/2026 09:35;JOSE.JUNIOR
22/05/2026 09:35;JOSE.JUNIOR
22/05/2026 09:20;JOSE.JUNIOR
22/05/2026 09:35;JOSE.JUNIOR
22/05/2026 09:20;JOSE.JUNIOR
22/05/2026 09:20;JOSE.JUNIOR
22/05/2026 09:20;JOSE.JUNIOR
22/05/2026 09:11;JOSE.JUNIOR
22/05/2026 09:11;JOSE.JUNIOR
22/05/2026 09:11;JOSE.JUNIOR
22/05/2026 09:11;JOSE.JUNIOR
22/05/2026 09:12;JOSE.JUNIOR
22/05/2026 09:12;JOSE.JUNIOR
22/05/2026 09:12;JOSE.JUNIOR
22/05/2026 09:56;JOSE.JUNIOR
22/05/2026 09:51;JOSE.JUNIOR
22/05/2026 09:51;JOSE.JUNIOR
22/05/2026 09:51;JOSE.JUNIOR
22/05/2026 09:39;JOSE.JUNIOR
22/05/2026 09:39;JOSE.JUNIOR
22/05/2026 09:39;JOSE.JUNIOR
22/05/2026 09:39;JOSE.JUNIOR
22/05/2026 09:47;JOSE.JUNIOR
22/05/2026 09:39;JOSE.JUNIOR
22/05/2026 09:41;JOSE.JUNIOR
22/05/2026 09:41;JOSE.JUNIOR
22/05/2026 09:56;JOSE.JUNIOR
22/05/2026 09:56;JOSE.JUNIOR
22/05/2026 09:56;JOSE.JUNIOR
22/05/2026 09:56;JOSE.JUNIOR
22/05/2026 09:56;JOSE.JUNIOR
22/05/2026 09:56;JOSE.JUNIOR
22/05/2026 09:56;JOSE.JUNIOR
22/05/2026 09:56;JOSE.JUNIOR
22/05/2026 09:41;JOSE.JUNIOR
22/05/2026 09:41;JOSE.JUNIOR
22/05/2026 09:41;JOSE.JUNIOR
22/05/2026 09:41;JOSE.JUNIOR
22/05/2026 09:40;JOSE.JUNIOR
22/05/2026 09:40;JOSE.JUNIOR
22/05/2026 09:41;JOSE.JUNIOR
22/05/2026 10:31;JOSE.JUNIOR
22/05/2026 10:31;JOSE.JUNIOR
22/05/2026 10:31;JOSE.JUNIOR
22/05/2026 10:31;JOSE.JUNIOR
22/05/2026 10:31;JOSE.JUNIOR
22/05/2026 10:32;JOSE.JUNIOR
22/05/2026 10:43;JOSE.JUNIOR
22/05/2026 10:43;JOSE.JUNIOR
22/05/2026 10:43;JOSE.JUNIOR
22/05/2026 10:43;JOSE.JUNIOR
22/05/2026 10:43;JOSE.JUNIOR
22/05/2026 10:44;JOSE.JUNIOR
22/05/2026 09:41;JOSE.JUNIOR
22/05/2026 09:41;JOSE.JUNIOR
22/05/2026 09:42;JOSE.JUNIOR
22/05/2026 09:19;JOSE.JUNIOR
22/05/2026 09:20;JOSE.JUNIOR
22/05/2026 09:20;JOSE.JUNIOR
22/05/2026 09:20;JOSE.JUNIOR
22/05/2026 09:20;JOSE.JUNIOR
22/05/2026 09:20;JOSE.JUNIOR
22/05/2026 09:20;JOSE.JUNIOR
22/05/2026 09:20;JOSE.JUNIOR
22/05/2026 09:35;JOSE.JUNIOR
22/05/2026 10:30;JOSE.JUNIOR
22/05/2026 10:30;JOSE.JUNIOR
22/05/2026 10:30;JOSE.JUNIOR
22/05/2026 10:30;JOSE.JUNIOR
22/05/2026 10:31;JOSE.JUNIOR
22/05/2026 10:31;JOSE.JUNIOR
22/05/2026 10:31;JOSE.JUNIOR
22/05/2026 10:31;JOSE.JUNIOR
22/05/2026 09:57;JOSE.JUNIOR
22/05/2026 10:44;JOSE.JUNIOR
22/05/2026 10:43;JOSE.JUNIOR
22/05/2026 10:43;JOSE.JUNIOR
22/05/2026 10:43;JOSE.JUNIOR
22/05/2026 10:43;JOSE.JUNIOR
22/05/2026 10:25;JOSE.JUNIOR
22/05/2026 10:25;JOSE.JUNIOR
22/05/2026 10:25;JOSE.JUNIOR
22/05/2026 10:25;JOSE.JUNIOR
22/05/2026 10:28;JOSE.JUNIOR
22/05/2026 10:43;JOSE.JUNIOR
22/05/2026 10:43;JOSE.JUNIOR
22/05/2026 10:43;JOSE.JUNIOR
22/05/2026 10:43;JOSE.JUNIOR
22/05/2026 10:43;JOSE.JUNIOR
22/05/2026 10:44;JOSE.JUNIOR
22/05/2026 10:44;JOSE.JUNIOR
22/05/2026 10:44;JOSE.JUNIOR
22/05/2026 10:17;JOSE.JUNIOR
22/05/2026 10:17;JOSE.JUNIOR
22/05/2026 10:30;JOSE.JUNIOR
22/05/2026 10:30;JOSE.JUNIOR
22/05/2026 10:30;JOSE.JUNIOR
22/05/2026 10:30;JOSE.JUNIOR
22/05/2026 10:30;JOSE.JUNIOR
22/05/2026 10:18;JOSE.JUNIOR
22/05/2026 10:19;JOSE.JUNIOR
22/05/2026 10:19;JOSE.JUNIOR
22/05/2026 10:19;JOSE.JUNIOR
22/05/2026 10:19;JOSE.JUNIOR
22/05/2026 10:31;JOSE.JUNIOR
22/05/2026 10:20;JOSE.JUNIOR
22/05/2026 09:56;JOSE.JUNIOR
22/05/2026 10:25;JOSE.JUNIOR
22/05/2026 09:56;JOSE.JUNIOR
22/05/2026 09:57;JOSE.JUNIOR
22/05/2026 09:56;JOSE.JUNIOR
22/05/2026 09:56;JOSE.JUNIOR
22/05/2026 09:56;JOSE.JUNIOR
22/05/2026 09:57;JOSE.JUNIOR
22/05/2026 09:57;JOSE.JUNIOR
22/05/2026 09:57;JOSE.JUNIOR
22/05/2026 08:54;CARLOS.DAGUANA
22/05/2026 08:54;CARLOS.DAGUANA
22/05/2026 08:54;CARLOS.DAGUANA
22/05/2026 08:54;CARLOS.DAGUANA
22/05/2026 08:54;CARLOS.DAGUANA
22/05/2026 08:54;CARLOS.DAGUANA
22/05/2026 08:54;CARLOS.DAGUANA
22/05/2026 08:54;CARLOS.DAGUANA
22/05/2026 09:54;CARLOS.DAGUANA
22/05/2026 09:54;CARLOS.DAGUANA
22/05/2026 10:46;CARLOS.DAGUANA
22/05/2026 10:46;CARLOS.DAGUANA
22/05/2026 10:46;CARLOS.DAGUANA
22/05/2026 10:46;CARLOS.DAGUANA
22/05/2026 10:46;CARLOS.DAGUANA
22/05/2026 10:26;CARLOS.DAGUANA
22/05/2026 10:27;CARLOS.DAGUANA
22/05/2026 10:27;CARLOS.DAGUANA
22/05/2026 10:16;CARLOS.DAGUANA
22/05/2026 10:16;CARLOS.DAGUANA
22/05/2026 10:16;CARLOS.DAGUANA
22/05/2026 10:27;CARLOS.DAGUANA
22/05/2026 10:27;CARLOS.DAGUANA
22/05/2026 09:51;CARLOS.DAGUANA
22/05/2026 09:51;CARLOS.DAGUANA
22/05/2026 09:51;CARLOS.DAGUANA
22/05/2026 09:52;CARLOS.DAGUANA
22/05/2026 09:52;CARLOS.DAGUANA
22/05/2026 09:52;CARLOS.DAGUANA
22/05/2026 09:52;CARLOS.DAGUANA
22/05/2026 10:27;CARLOS.DAGUANA
22/05/2026 10:16;CARLOS.DAGUANA
22/05/2026 09:52;CARLOS.DAGUANA
22/05/2026 10:04;CARLOS.DAGUANA
22/05/2026 10:04;CARLOS.DAGUANA
22/05/2026 10:04;CARLOS.DAGUANA
22/05/2026 10:04;CARLOS.DAGUANA
22/05/2026 10:17;CARLOS.DAGUANA
22/05/2026 10:17;CARLOS.DAGUANA
22/05/2026 10:17;CARLOS.DAGUANA
22/05/2026 10:17;CARLOS.DAGUANA
22/05/2026 10:17;CARLOS.DAGUANA
22/05/2026 10:17;CARLOS.DAGUANA
22/05/2026 10:18;CARLOS.DAGUANA
22/05/2026 10:18;CARLOS.DAGUANA
22/05/2026 10:18;CARLOS.DAGUANA
22/05/2026 10:18;CARLOS.DAGUANA
22/05/2026 10:17;CARLOS.DAGUANA
22/05/2026 10:17;CARLOS.DAGUANA
22/05/2026 10:17;CARLOS.DAGUANA
22/05/2026 08:51;CARLOS.DAGUANA
22/05/2026 08:51;CARLOS.DAGUANA
22/05/2026 08:51;CARLOS.DAGUANA
22/05/2026 08:51;CARLOS.DAGUANA
22/05/2026 08:51;CARLOS.DAGUANA
22/05/2026 08:51;CARLOS.DAGUANA
22/05/2026 08:51;CARLOS.DAGUANA
22/05/2026 08:51;CARLOS.DAGUANA
22/05/2026 08:51;CARLOS.DAGUANA
22/05/2026 08:51;CARLOS.DAGUANA
22/05/2026 08:51;CARLOS.DAGUANA
22/05/2026 08:51;CARLOS.DAGUANA
22/05/2026 08:51;CARLOS.DAGUANA
22/05/2026 08:51;CARLOS.DAGUANA
22/05/2026 08:51;CARLOS.DAGUANA
22/05/2026 08:51;CARLOS.DAGUANA
22/05/2026 08:51;CARLOS.DAGUANA
22/05/2026 08:51;CARLOS.DAGUANA
22/05/2026 09:12;CARLOS.DAGUANA
22/05/2026 09:12;CARLOS.DAGUANA
22/05/2026 09:12;CARLOS.DAGUANA
22/05/2026 09:12;CARLOS.DAGUANA
22/05/2026 09:12;CARLOS.DAGUANA
22/05/2026 09:12;CARLOS.DAGUANA
22/05/2026 09:13;CARLOS.DAGUANA
22/05/2026 09:15;CARLOS.DAGUANA
22/05/2026 09:16;CARLOS.DAGUANA
22/05/2026 09:16;CARLOS.DAGUANA
22/05/2026 09:06;CARLOS.DAGUANA
22/05/2026 09:06;CARLOS.DAGUANA
22/05/2026 09:06;CARLOS.DAGUANA
22/05/2026 09:07;CARLOS.DAGUANA
22/05/2026 09:07;CARLOS.DAGUANA
22/05/2026 09:07;CARLOS.DAGUANA
22/05/2026 09:07;CARLOS.DAGUANA
22/05/2026 09:07;CARLOS.DAGUANA
22/05/2026 09:07;CARLOS.DAGUANA
22/05/2026 08:47;CARLOS.DAGUANA
22/05/2026 08:47;CARLOS.DAGUANA
22/05/2026 08:47;CARLOS.DAGUANA
22/05/2026 08:47;CARLOS.DAGUANA
22/05/2026 08:47;CARLOS.DAGUANA
22/05/2026 08:57;CARLOS.DAGUANA
22/05/2026 08:57;CARLOS.DAGUANA
22/05/2026 08:57;CARLOS.DAGUANA
22/05/2026 08:57;CARLOS.DAGUANA
22/05/2026 08:57;CARLOS.DAGUANA
22/05/2026 08:57;CARLOS.DAGUANA
22/05/2026 08:57;CARLOS.DAGUANA
22/05/2026 09:06;CARLOS.DAGUANA
22/05/2026 09:06;CARLOS.DAGUANA
22/05/2026 09:09;CARLOS.DAGUANA
22/05/2026 09:12;CARLOS.DAGUANA
22/05/2026 09:12;CARLOS.DAGUANA
22/05/2026 09:12;CARLOS.DAGUANA
22/05/2026 09:12;CARLOS.DAGUANA
22/05/2026 09:12;CARLOS.DAGUANA
22/05/2026 09:03;CARLOS.DAGUANA
22/05/2026 09:03;CARLOS.DAGUANA
22/05/2026 08:57;CARLOS.DAGUANA
22/05/2026 08:58;CARLOS.DAGUANA
22/05/2026 08:58;CARLOS.DAGUANA
22/05/2026 08:58;CARLOS.DAGUANA
22/05/2026 08:58;CARLOS.DAGUANA
22/05/2026 08:58;CARLOS.DAGUANA
22/05/2026 09:03;CARLOS.DAGUANA
22/05/2026 09:03;CARLOS.DAGUANA
22/05/2026 09:03;CARLOS.DAGUANA
22/05/2026 09:03;CARLOS.DAGUANA
22/05/2026 09:03;CARLOS.DAGUANA
22/05/2026 09:03;CARLOS.DAGUANA
22/05/2026 09:03;CARLOS.DAGUANA
22/05/2026 09:03;CARLOS.DAGUANA
22/05/2026 09:03;CARLOS.DAGUANA
22/05/2026 09:03;CARLOS.DAGUANA
22/05/2026 09:04;CARLOS.DAGUANA
22/05/2026 08:48;CARLOS.DAGUANA
22/05/2026 08:48;CARLOS.DAGUANA
22/05/2026 08:48;CARLOS.DAGUANA
22/05/2026 08:48;CARLOS.DAGUANA
22/05/2026 09:07;CARLOS.DAGUANA
22/05/2026 09:07;CARLOS.DAGUANA
22/05/2026 09:08;CARLOS.DAGUANA
22/05/2026 09:08;CARLOS.DAGUANA
22/05/2026 09:08;CARLOS.DAGUANA
22/05/2026 09:08;CARLOS.DAGUANA
22/05/2026 08:48;CARLOS.DAGUANA
22/05/2026 08:48;CARLOS.DAGUANA
22/05/2026 08:48;CARLOS.DAGUANA
22/05/2026 08:48;CARLOS.DAGUANA
22/05/2026 08:48;CARLOS.DAGUANA
22/05/2026 08:48;CARLOS.DAGUANA
22/05/2026 08:48;CARLOS.DAGUANA
22/05/2026 08:48;CARLOS.DAGUANA
22/05/2026 08:48;CARLOS.DAGUANA
22/05/2026 08:48;CARLOS.DAGUANA
22/05/2026 08:59;CARLOS.DAGUANA
22/05/2026 09:02;CARLOS.DAGUANA
22/05/2026 09:02;CARLOS.DAGUANA
22/05/2026 09:02;CARLOS.DAGUANA
22/05/2026 09:02;CARLOS.DAGUANA
22/05/2026 09:08;CARLOS.DAGUANA
22/05/2026 09:08;CARLOS.DAGUANA
22/05/2026 09:08;CARLOS.DAGUANA
22/05/2026 09:08;CARLOS.DAGUANA
22/05/2026 09:08;CARLOS.DAGUANA
22/05/2026 09:09;CARLOS.DAGUANA
22/05/2026 09:59;CARLOS.DAGUANA
22/05/2026 09:59;CARLOS.DAGUANA
22/05/2026 09:11;CARLOS.DAGUANA
22/05/2026 09:11;CARLOS.DAGUANA
22/05/2026 09:15;CARLOS.DAGUANA
22/05/2026 09:15;CARLOS.DAGUANA
22/05/2026 09:15;CARLOS.DAGUANA
22/05/2026 09:15;CARLOS.DAGUANA
22/05/2026 09:15;CARLOS.DAGUANA
22/05/2026 09:51;CARLOS.DAGUANA
22/05/2026 09:51;CARLOS.DAGUANA
22/05/2026 08:51;CARLOS.DAGUANA
22/05/2026 08:51;CARLOS.DAGUANA
22/05/2026 09:52;CARLOS.DAGUANA
22/05/2026 08:51;CARLOS.DAGUANA
22/05/2026 08:51;CARLOS.DAGUANA
22/05/2026 08:51;CARLOS.DAGUANA
22/05/2026 08:51;CARLOS.DAGUANA
22/05/2026 08:52;CARLOS.DAGUANA
22/05/2026 08:52;CARLOS.DAGUANA
22/05/2026 08:52;CARLOS.DAGUANA
22/05/2026 09:53;CARLOS.DAGUANA
22/05/2026 08:52;CARLOS.DAGUANA
22/05/2026 08:52;CARLOS.DAGUANA
22/05/2026 09:08;CARLOS.DAGUANA
22/05/2026 09:08;CARLOS.DAGUANA
22/05/2026 09:08;CARLOS.DAGUANA
22/05/2026 09:08;CARLOS.DAGUANA
22/05/2026 09:08;CARLOS.DAGUANA
22/05/2026 09:08;CARLOS.DAGUANA
22/05/2026 09:09;CARLOS.DAGUANA
22/05/2026 09:09;CARLOS.DAGUANA
22/05/2026 09:09;CARLOS.DAGUANA
22/05/2026 09:54;CARLOS.DAGUANA
22/05/2026 09:09;CARLOS.DAGUANA
22/05/2026 09:09;CARLOS.DAGUANA
22/05/2026 09:09;CARLOS.DAGUANA
22/05/2026 09:09;CARLOS.DAGUANA
22/05/2026 09:09;CARLOS.DAGUANA
22/05/2026 09:54;CARLOS.DAGUANA
22/05/2026 09:54;CARLOS.DAGUANA
22/05/2026 10:03;CARLOS.DAGUANA
22/05/2026 10:03;CARLOS.DAGUANA
22/05/2026 10:03;CARLOS.DAGUANA
22/05/2026 09:09;CARLOS.DAGUANA
22/05/2026 09:09;CARLOS.DAGUANA
22/05/2026 09:39;CARLOS.DAGUANA
22/05/2026 08:54;CARLOS.DAGUANA
22/05/2026 08:54;CARLOS.DAGUANA
22/05/2026 08:54;CARLOS.DAGUANA
22/05/2026 08:54;CARLOS.DAGUANA
22/05/2026 09:05;CARLOS.DAGUANA
22/05/2026 09:05;CARLOS.DAGUANA
22/05/2026 09:06;CARLOS.DAGUANA
22/05/2026 09:06;CARLOS.DAGUANA
22/05/2026 09:06;CARLOS.DAGUANA
22/05/2026 09:06;CARLOS.DAGUANA
22/05/2026 09:06;CARLOS.DAGUANA
22/05/2026 09:06;CARLOS.DAGUANA
22/05/2026 09:16;CARLOS.DAGUANA
22/05/2026 09:38;CARLOS.DAGUANA
22/05/2026 09:38;CARLOS.DAGUANA
22/05/2026 09:38;CARLOS.DAGUANA
22/05/2026 09:39;CARLOS.DAGUANA
22/05/2026 09:39;CARLOS.DAGUANA
22/05/2026 09:39;CARLOS.DAGUANA
22/05/2026 09:39;CARLOS.DAGUANA
22/05/2026 09:39;CARLOS.DAGUANA
22/05/2026 09:39;CARLOS.DAGUANA
22/05/2026 09:39;CARLOS.DAGUANA
22/05/2026 09:39;CARLOS.DAGUANA
22/05/2026 09:38;CARLOS.DAGUANA
22/05/2026 09:38;CARLOS.DAGUANA
22/05/2026 09:38;CARLOS.DAGUANA
22/05/2026 10:45;CARLOS.DAGUANA
22/05/2026 10:45;CARLOS.DAGUANA
22/05/2026 10:45;CARLOS.DAGUANA
22/05/2026 10:45;CARLOS.DAGUANA
22/05/2026 10:16;CARLOS.DAGUANA
22/05/2026 10:26;CARLOS.DAGUANA
22/05/2026 10:24;CARLOS.DAGUANA
22/05/2026 10:24;CARLOS.DAGUANA
22/05/2026 10:24;CARLOS.DAGUANA
22/05/2026 09:51;CARLOS.DAGUANA
22/05/2026 09:51;CARLOS.DAGUANA
22/05/2026 09:51;CARLOS.DAGUANA
22/05/2026 09:51;CARLOS.DAGUANA
22/05/2026 10:03;CARLOS.DAGUANA
22/05/2026 10:06;CARLOS.DAGUANA
22/05/2026 10:42;CARLOS.DAGUANA
22/05/2026 10:42;CARLOS.DAGUANA
22/05/2026 10:42;CARLOS.DAGUANA
22/05/2026 09:52;CARLOS.DAGUANA
22/05/2026 09:52;CARLOS.DAGUANA
22/05/2026 09:52;CARLOS.DAGUANA
22/05/2026 10:43;CARLOS.DAGUANA
22/05/2026 10:43;CARLOS.DAGUANA
22/05/2026 09:54;CARLOS.DAGUANA
22/05/2026 09:54;CARLOS.DAGUANA
22/05/2026 09:07;CARLOS.DAGUANA
22/05/2026 09:07;CARLOS.DAGUANA
22/05/2026 09:07;CARLOS.DAGUANA
22/05/2026 09:07;CARLOS.DAGUANA
22/05/2026 09:16;CARLOS.DAGUANA
22/05/2026 09:46;CARLOS.DAGUANA
22/05/2026 09:46;CARLOS.DAGUANA
22/05/2026 09:46;CARLOS.DAGUANA
22/05/2026 09:12;CARLOS.DAGUANA
22/05/2026 09:46;CARLOS.DAGUANA
22/05/2026 08:57;CARLOS.DAGUANA
22/05/2026 08:57;CARLOS.DAGUANA
22/05/2026 08:57;CARLOS.DAGUANA
22/05/2026 09:45;CARLOS.DAGUANA
22/05/2026 08:57;CARLOS.DAGUANA
22/05/2026 08:57;CARLOS.DAGUANA
22/05/2026 08:57;CARLOS.DAGUANA
22/05/2026 08:57;CARLOS.DAGUANA
22/05/2026 09:46;CARLOS.DAGUANA
22/05/2026 09:46;CARLOS.DAGUANA
22/05/2026 09:46;CARLOS.DAGUANA
22/05/2026 09:46;CARLOS.DAGUANA
22/05/2026 09:46;CARLOS.DAGUANA
22/05/2026 09:46;CARLOS.DAGUANA
22/05/2026 09:46;CARLOS.DAGUANA
22/05/2026 09:46;CARLOS.DAGUANA
22/05/2026 09:46;CARLOS.DAGUANA
22/05/2026 09:46;CARLOS.DAGUANA
22/05/2026 09:12;CARLOS.DAGUANA
22/05/2026 09:12;CARLOS.DAGUANA
22/05/2026 09:45;CARLOS.DAGUANA
22/05/2026 09:45;CARLOS.DAGUANA
22/05/2026 09:45;CARLOS.DAGUANA
22/05/2026 09:46;CARLOS.DAGUANA
22/05/2026 09:46;CARLOS.DAGUANA
22/05/2026 09:45;CARLOS.DAGUANA
22/05/2026 09:51;CARLOS.DAGUANA
22/05/2026 09:45;CARLOS.DAGUANA
22/05/2026 09:51;CARLOS.DAGUANA
22/05/2026 09:51;CARLOS.DAGUANA
22/05/2026 09:51;CARLOS.DAGUANA
22/05/2026 09:39;CARLOS.DAGUANA
22/05/2026 09:39;CARLOS.DAGUANA
22/05/2026 09:39;CARLOS.DAGUANA
22/05/2026 09:39;CARLOS.DAGUANA
22/05/2026 09:39;CARLOS.DAGUANA
22/05/2026 09:39;CARLOS.DAGUANA
22/05/2026 09:39;CARLOS.DAGUANA
22/05/2026 09:39;CARLOS.DAGUANA
22/05/2026 09:39;CARLOS.DAGUANA
22/05/2026 09:39;CARLOS.DAGUANA
22/05/2026 09:39;CARLOS.DAGUANA
22/05/2026 09:40;CARLOS.DAGUANA
22/05/2026 09:40;CARLOS.DAGUANA
22/05/2026 09:40;CARLOS.DAGUANA
22/05/2026 09:45;CARLOS.DAGUANA
22/05/2026 09:45;CARLOS.DAGUANA
22/05/2026 09:45;CARLOS.DAGUANA
22/05/2026 09:45;CARLOS.DAGUANA
22/05/2026 09:45;CARLOS.DAGUANA
22/05/2026 09:45;CARLOS.DAGUANA
22/05/2026 09:45;CARLOS.DAGUANA
22/05/2026 09:45;CARLOS.DAGUANA
22/05/2026 10:31;CARLOS.DAGUANA
22/05/2026 10:31;CARLOS.DAGUANA
22/05/2026 10:31;CARLOS.DAGUANA
22/05/2026 10:31;CARLOS.DAGUANA
22/05/2026 10:32;CARLOS.DAGUANA
22/05/2026 10:32;CARLOS.DAGUANA
22/05/2026 10:36;CARLOS.DAGUANA
22/05/2026 10:36;CARLOS.DAGUANA
22/05/2026 10:37;CARLOS.DAGUANA
22/05/2026 10:37;CARLOS.DAGUANA
22/05/2026 10:37;CARLOS.DAGUANA
22/05/2026 10:37;CARLOS.DAGUANA
22/05/2026 10:37;CARLOS.DAGUANA
22/05/2026 10:37;CARLOS.DAGUANA
22/05/2026 10:37;CARLOS.DAGUANA
22/05/2026 10:38;CARLOS.DAGUANA
22/05/2026 10:38;CARLOS.DAGUANA
22/05/2026 10:06;CARLOS.DAGUANA
22/05/2026 10:06;CARLOS.DAGUANA
22/05/2026 10:07;CARLOS.DAGUANA
22/05/2026 10:07;CARLOS.DAGUANA
22/05/2026 10:06;CARLOS.DAGUANA
22/05/2026 10:07;CARLOS.DAGUANA
22/05/2026 10:06;CARLOS.DAGUANA
22/05/2026 10:42;CARLOS.DAGUANA
22/05/2026 10:42;CARLOS.DAGUANA
22/05/2026 10:42;CARLOS.DAGUANA
22/05/2026 10:42;CARLOS.DAGUANA
22/05/2026 10:41;CARLOS.DAGUANA
22/05/2026 10:41;CARLOS.DAGUANA
22/05/2026 10:42;CARLOS.DAGUANA
22/05/2026 10:42;CARLOS.DAGUANA
22/05/2026 10:17;CARLOS.DAGUANA
22/05/2026 10:26;CARLOS.DAGUANA
22/05/2026 10:36;CARLOS.DAGUANA
22/05/2026 10:36;CARLOS.DAGUANA
22/05/2026 10:36;CARLOS.DAGUANA
22/05/2026 10:45;CARLOS.DAGUANA
22/05/2026 10:46;CARLOS.DAGUANA
22/05/2026 10:46;CARLOS.DAGUANA
22/05/2026 10:17;CARLOS.DAGUANA
22/05/2026 10:17;CARLOS.DAGUANA
22/05/2026 10:17;CARLOS.DAGUANA
22/05/2026 10:26;CARLOS.DAGUANA
22/05/2026 10:36;CARLOS.DAGUANA
22/05/2026 08:47;CARLOS.DAGUANA
22/05/2026 08:47;CARLOS.DAGUANA
22/05/2026 08:47;CARLOS.DAGUANA
22/05/2026 08:47;CARLOS.DAGUANA
22/05/2026 08:47;CARLOS.DAGUANA
22/05/2026 08:47;CARLOS.DAGUANA
22/05/2026 08:47;CARLOS.DAGUANA
22/05/2026 09:12;CARLOS.DAGUANA
22/05/2026 09:12;CARLOS.DAGUANA
22/05/2026 09:13;CARLOS.DAGUANA
22/05/2026 08:54;CARLOS.DAGUANA
22/05/2026 08:55;CARLOS.DAGUANA
22/05/2026 09:02;CARLOS.DAGUANA
22/05/2026 09:02;CARLOS.DAGUANA
22/05/2026 09:02;CARLOS.DAGUANA
22/05/2026 09:02;CARLOS.DAGUANA
22/05/2026 09:03;CARLOS.DAGUANA
22/05/2026 08:59;CARLOS.DAGUANA
22/05/2026 08:59;CARLOS.DAGUANA
22/05/2026 08:59;CARLOS.DAGUANA
22/05/2026 08:59;CARLOS.DAGUANA
22/05/2026 08:59;CARLOS.DAGUANA
22/05/2026 08:59;CARLOS.DAGUANA
22/05/2026 08:59;CARLOS.DAGUANA
22/05/2026 08:59;CARLOS.DAGUANA
22/05/2026 09:00;CARLOS.DAGUANA
22/05/2026 09:00;CARLOS.DAGUANA
22/05/2026 09:00;CARLOS.DAGUANA
22/05/2026 09:00;CARLOS.DAGUANA
22/05/2026 09:00;CARLOS.DAGUANA
22/05/2026 09:03;CARLOS.DAGUANA
22/05/2026 09:03;CARLOS.DAGUANA
22/05/2026 09:03;CARLOS.DAGUANA
22/05/2026 09:03;CARLOS.DAGUANA
22/05/2026 09:03;CARLOS.DAGUANA
22/05/2026 09:09;CARLOS.DAGUANA
22/05/2026 09:09;CARLOS.DAGUANA
22/05/2026 09:09;CARLOS.DAGUANA
22/05/2026 09:09;CARLOS.DAGUANA
22/05/2026 09:09;CARLOS.DAGUANA
22/05/2026 09:09;CARLOS.DAGUANA
22/05/2026 09:09;CARLOS.DAGUANA
22/05/2026 08:59;CARLOS.DAGUANA
22/05/2026 09:00;CARLOS.DAGUANA
22/05/2026 08:51;CARLOS.DAGUANA
22/05/2026 09:09;CARLOS.DAGUANA
22/05/2026 09:39;CARLOS.DAGUANA
22/05/2026 10:04;CARLOS.DAGUANA
22/05/2026 10:03;CARLOS.DAGUANA
22/05/2026 10:04;CARLOS.DAGUANA
22/05/2026 10:31;CARLOS.DAGUANA
22/05/2026 10:31;CARLOS.DAGUANA
22/05/2026 10:31;CARLOS.DAGUANA
22/05/2026 10:31;CARLOS.DAGUANA
22/05/2026 10:31;CARLOS.DAGUANA
22/05/2026 10:31;CARLOS.DAGUANA
22/05/2026 10:32;CARLOS.DAGUANA
22/05/2026 10:32;CARLOS.DAGUANA
22/05/2026 10:32;CARLOS.DAGUANA
22/05/2026 10:16;CARLOS.DAGUANA
22/05/2026 10:16;CARLOS.DAGUANA
22/05/2026 10:16;CARLOS.DAGUANA
22/05/2026 10:16;CARLOS.DAGUANA
22/05/2026 10:16;CARLOS.DAGUANA
22/05/2026 10:24;CARLOS.DAGUANA
22/05/2026 10:04;CARLOS.DAGUANA
22/05/2026 10:04;CARLOS.DAGUANA
22/05/2026 10:26;CARLOS.DAGUANA
22/05/2026 10:16;CARLOS.DAGUANA
22/05/2026 10:37;CARLOS.DAGUANA
22/05/2026 10:25;CARLOS.DAGUANA
22/05/2026 10:37;CARLOS.DAGUANA
22/05/2026 10:38;CARLOS.DAGUANA
22/05/2026 10:41;CARLOS.DAGUANA
22/05/2026 10:41;CARLOS.DAGUANA
22/05/2026 10:09;CARLOS.DAGUANA
22/05/2026 10:09;CARLOS.DAGUANA
22/05/2026 10:09;CARLOS.DAGUANA
22/05/2026 10:09;CARLOS.DAGUANA
22/05/2026 10:09;CARLOS.DAGUANA
22/05/2026 10:09;CARLOS.DAGUANA
22/05/2026 10:09;CARLOS.DAGUANA
22/05/2026 10:10;CARLOS.DAGUANA
22/05/2026 10:10;CARLOS.DAGUANA
22/05/2026 10:10;CARLOS.DAGUANA
22/05/2026 10:09;CARLOS.DAGUANA
22/05/2026 10:09;CARLOS.DAGUANA
22/05/2026 10:09;CARLOS.DAGUANA
22/05/2026 10:09;CARLOS.DAGUANA
22/05/2026 10:43;CARLOS.DAGUANA
22/05/2026 10:07;CARLOS.DAGUANA
22/05/2026 10:07;CARLOS.DAGUANA
22/05/2026 10:25;CARLOS.DAGUANA
22/05/2026 10:25;CARLOS.DAGUANA
22/05/2026 10:25;CARLOS.DAGUANA
22/05/2026 10:07;CARLOS.DAGUANA
22/05/2026 10:07;CARLOS.DAGUANA
22/05/2026 10:07;CARLOS.DAGUANA
22/05/2026 10:27;CARLOS.DAGUANA
22/05/2026 10:37;CARLOS.DAGUANA
22/05/2026 10:37;CARLOS.DAGUANA
22/05/2026 10:42;CARLOS.DAGUANA
22/05/2026 10:42;CARLOS.DAGUANA
22/05/2026 10:42;CARLOS.DAGUANA
22/05/2026 10:42;CARLOS.DAGUANA
22/05/2026 10:17;CARLOS.DAGUANA
22/05/2026 10:18;CARLOS.DAGUANA
22/05/2026 10:30;CARLOS.DAGUANA
22/05/2026 10:31;CARLOS.DAGUANA
22/05/2026 10:31;CARLOS.DAGUANA
22/05/2026 10:31;CARLOS.DAGUANA
22/05/2026 10:31;CARLOS.DAGUANA
22/05/2026 08:54;CARLOS.DAGUANA
22/05/2026 08:55;CARLOS.DAGUANA
22/05/2026 08:55;CARLOS.DAGUANA
22/05/2026 08:55;CARLOS.DAGUANA
22/05/2026 08:55;CARLOS.DAGUANA
22/05/2026 08:55;CARLOS.DAGUANA
22/05/2026 08:48;CARLOS.DAGUANA
22/05/2026 08:48;CARLOS.DAGUANA
22/05/2026 08:48;CARLOS.DAGUANA
22/05/2026 08:48;CARLOS.DAGUANA
22/05/2026 08:59;CARLOS.DAGUANA
22/05/2026 09:02;CARLOS.DAGUANA
22/05/2026 09:02;CARLOS.DAGUANA
22/05/2026 09:02;CARLOS.DAGUANA
22/05/2026 09:00;CARLOS.DAGUANA
22/05/2026 09:00;CARLOS.DAGUANA
22/05/2026 09:00;CARLOS.DAGUANA
22/05/2026 10:03;CARLOS.DAGUANA
22/05/2026 10:03;CARLOS.DAGUANA
22/05/2026 10:03;CARLOS.DAGUANA
22/05/2026 10:03;CARLOS.DAGUANA
22/05/2026 10:03;CARLOS.DAGUANA
22/05/2026 10:03;CARLOS.DAGUANA
22/05/2026 10:03;CARLOS.DAGUANA
22/05/2026 10:03;CARLOS.DAGUANA
22/05/2026 10:03;CARLOS.DAGUANA
22/05/2026 10:03;CARLOS.DAGUANA
22/05/2026 10:03;CARLOS.DAGUANA
22/05/2026 10:03;CARLOS.DAGUANA
22/05/2026 10:04;CARLOS.DAGUANA
22/05/2026 10:04;CARLOS.DAGUANA
22/05/2026 10:04;CARLOS.DAGUANA
22/05/2026 10:04;CARLOS.DAGUANA
22/05/2026 10:04;CARLOS.DAGUANA
22/05/2026 09:58;CARLOS.DAGUANA
22/05/2026 09:58;CARLOS.DAGUANA
22/05/2026 09:59;CARLOS.DAGUANA
22/05/2026 09:59;CARLOS.DAGUANA
22/05/2026 09:59;CARLOS.DAGUANA
22/05/2026 09:59;CARLOS.DAGUANA
22/05/2026 09:59;CARLOS.DAGUANA
22/05/2026 09:59;CARLOS.DAGUANA
22/05/2026 09:59;CARLOS.DAGUANA
22/05/2026 09:59;CARLOS.DAGUANA
22/05/2026 09:59;CARLOS.DAGUANA
22/05/2026 09:59;CARLOS.DAGUANA
22/05/2026 09:59;CARLOS.DAGUANA
22/05/2026 09:59;CARLOS.DAGUANA
22/05/2026 09:59;CARLOS.DAGUANA
22/05/2026 09:59;CARLOS.DAGUANA
22/05/2026 09:59;CARLOS.DAGUANA
22/05/2026 09:59;CARLOS.DAGUANA
22/05/2026 10:45;CARLOS.DAGUANA
22/05/2026 10:45;CARLOS.DAGUANA
22/05/2026 10:06;CARLOS.DAGUANA
22/05/2026 10:06;CARLOS.DAGUANA
22/05/2026 10:06;CARLOS.DAGUANA
22/05/2026 10:06;CARLOS.DAGUANA
22/05/2026 10:06;CARLOS.DAGUANA
22/05/2026 10:06;CARLOS.DAGUANA
22/05/2026 10:06;CARLOS.DAGUANA
22/05/2026 10:09;CARLOS.DAGUANA
22/05/2026 10:09;CARLOS.DAGUANA
22/05/2026 10:09;CARLOS.DAGUANA
22/05/2026 10:09;CARLOS.DAGUANA
22/05/2026 10:09;CARLOS.DAGUANA
22/05/2026 10:09;CARLOS.DAGUANA
22/05/2026 10:09;CARLOS.DAGUANA
22/05/2026 10:09;CARLOS.DAGUANA
22/05/2026 10:10;CARLOS.DAGUANA
22/05/2026 10:10;CARLOS.DAGUANA
22/05/2026 10:10;CARLOS.DAGUANA
22/05/2026 10:10;CARLOS.DAGUANA
22/05/2026 10:10;CARLOS.DAGUANA
22/05/2026 10:10;CARLOS.DAGUANA
22/05/2026 10:10;CARLOS.DAGUANA
22/05/2026 10:10;CARLOS.DAGUANA
22/05/2026 10:24;CARLOS.DAGUANA
22/05/2026 08:54;PHSILVA
22/05/2026 08:54;PHSILVA
22/05/2026 08:54;PHSILVA
22/05/2026 08:54;PHSILVA
22/05/2026 08:54;PHSILVA
22/05/2026 08:54;PHSILVA
22/05/2026 10:04;PHSILVA
22/05/2026 10:04;PHSILVA
22/05/2026 10:04;PHSILVA
22/05/2026 09:52;PHSILVA
22/05/2026 09:52;PHSILVA
22/05/2026 09:52;PHSILVA
22/05/2026 09:52;PHSILVA
22/05/2026 09:52;PHSILVA
22/05/2026 09:52;PHSILVA
22/05/2026 09:52;PHSILVA
22/05/2026 09:52;PHSILVA
22/05/2026 09:52;PHSILVA
22/05/2026 09:52;PHSILVA
22/05/2026 09:53;PHSILVA
22/05/2026 09:53;PHSILVA
22/05/2026 09:53;PHSILVA
22/05/2026 10:04;PHSILVA
22/05/2026 09:10;PHSILVA
22/05/2026 09:06;PHSILVA
22/05/2026 09:06;PHSILVA
22/05/2026 09:06;PHSILVA
22/05/2026 09:06;PHSILVA
22/05/2026 09:06;PHSILVA
22/05/2026 09:06;PHSILVA
22/05/2026 09:06;PHSILVA
22/05/2026 09:06;PHSILVA
22/05/2026 09:06;PHSILVA
22/05/2026 09:06;PHSILVA
22/05/2026 09:06;PHSILVA
22/05/2026 09:07;PHSILVA
22/05/2026 09:07;PHSILVA
22/05/2026 09:07;PHSILVA
22/05/2026 09:07;PHSILVA
22/05/2026 09:07;PHSILVA
22/05/2026 09:07;PHSILVA
22/05/2026 08:46;PHSILVA
22/05/2026 08:46;PHSILVA
22/05/2026 08:47;PHSILVA
22/05/2026 08:47;PHSILVA
22/05/2026 08:47;PHSILVA
22/05/2026 08:47;PHSILVA
22/05/2026 08:47;PHSILVA
22/05/2026 08:47;PHSILVA
22/05/2026 08:47;PHSILVA
22/05/2026 08:47;PHSILVA
22/05/2026 08:47;PHSILVA
22/05/2026 08:47;PHSILVA
22/05/2026 08:42;PHSILVA
22/05/2026 08:42;PHSILVA
22/05/2026 08:42;PHSILVA
22/05/2026 08:42;PHSILVA
22/05/2026 08:42;PHSILVA
22/05/2026 08:42;PHSILVA
22/05/2026 08:42;PHSILVA
22/05/2026 08:42;PHSILVA
22/05/2026 08:42;PHSILVA
22/05/2026 09:04;PHSILVA
22/05/2026 09:04;PHSILVA
22/05/2026 09:04;PHSILVA
22/05/2026 09:04;PHSILVA
22/05/2026 09:04;PHSILVA
22/05/2026 09:04;PHSILVA
22/05/2026 09:04;PHSILVA
22/05/2026 09:04;PHSILVA
22/05/2026 09:04;PHSILVA
22/05/2026 09:04;PHSILVA
22/05/2026 08:47;PHSILVA
22/05/2026 08:48;PHSILVA
22/05/2026 08:48;PHSILVA
22/05/2026 08:48;PHSILVA
22/05/2026 09:04;PHSILVA
22/05/2026 09:04;PHSILVA
22/05/2026 09:04;PHSILVA
22/05/2026 09:04;PHSILVA
22/05/2026 09:04;PHSILVA
22/05/2026 09:04;PHSILVA
22/05/2026 09:04;PHSILVA
22/05/2026 09:02;PHSILVA
22/05/2026 09:02;PHSILVA
22/05/2026 09:02;PHSILVA
22/05/2026 09:02;PHSILVA
22/05/2026 09:02;PHSILVA
22/05/2026 09:02;PHSILVA
22/05/2026 09:02;PHSILVA
22/05/2026 09:02;PHSILVA
22/05/2026 09:02;PHSILVA
22/05/2026 09:02;PHSILVA
22/05/2026 09:02;PHSILVA
22/05/2026 09:02;PHSILVA
22/05/2026 09:08;PHSILVA
22/05/2026 09:08;PHSILVA
22/05/2026 09:01;PHSILVA
22/05/2026 09:01;PHSILVA
22/05/2026 09:01;PHSILVA
22/05/2026 09:02;PHSILVA
22/05/2026 09:02;PHSILVA
22/05/2026 09:02;PHSILVA
22/05/2026 09:02;PHSILVA
22/05/2026 09:10;PHSILVA
22/05/2026 09:10;PHSILVA
22/05/2026 09:10;PHSILVA
22/05/2026 09:10;PHSILVA
22/05/2026 09:10;PHSILVA
22/05/2026 09:10;PHSILVA
22/05/2026 09:10;PHSILVA
22/05/2026 09:10;PHSILVA
22/05/2026 09:10;PHSILVA
22/05/2026 09:10;PHSILVA
22/05/2026 09:10;PHSILVA
22/05/2026 09:10;PHSILVA
22/05/2026 09:10;PHSILVA
22/05/2026 09:10;PHSILVA
22/05/2026 09:11;PHSILVA
22/05/2026 09:11;PHSILVA
22/05/2026 09:11;PHSILVA
22/05/2026 09:11;PHSILVA
22/05/2026 09:11;PHSILVA
22/05/2026 09:52;PHSILVA
22/05/2026 09:52;PHSILVA
22/05/2026 09:53;PHSILVA
22/05/2026 09:53;PHSILVA
22/05/2026 09:08;PHSILVA
22/05/2026 10:13;PHSILVA
22/05/2026 10:13;PHSILVA
22/05/2026 10:13;PHSILVA
22/05/2026 10:13;PHSILVA
22/05/2026 10:13;PHSILVA
22/05/2026 09:10;PHSILVA
22/05/2026 09:10;PHSILVA
22/05/2026 08:55;PHSILVA
22/05/2026 08:55;PHSILVA
22/05/2026 09:04;PHSILVA
22/05/2026 09:05;PHSILVA
22/05/2026 09:05;PHSILVA
22/05/2026 09:44;PHSILVA
22/05/2026 10:04;PHSILVA
22/05/2026 10:13;PHSILVA
22/05/2026 10:31;PHSILVA
22/05/2026 10:32;PHSILVA
22/05/2026 10:32;PHSILVA
22/05/2026 09:44;PHSILVA
22/05/2026 09:44;PHSILVA
22/05/2026 09:52;PHSILVA
22/05/2026 09:52;PHSILVA
22/05/2026 09:53;PHSILVA
22/05/2026 09:53;PHSILVA
22/05/2026 09:53;PHSILVA
22/05/2026 09:53;PHSILVA
22/05/2026 09:53;PHSILVA
22/05/2026 09:53;PHSILVA
22/05/2026 09:53;PHSILVA
22/05/2026 09:53;PHSILVA
22/05/2026 09:53;PHSILVA
22/05/2026 09:42;PHSILVA
22/05/2026 09:42;PHSILVA
22/05/2026 09:42;PHSILVA
22/05/2026 09:42;PHSILVA
22/05/2026 09:42;PHSILVA
22/05/2026 09:42;PHSILVA
22/05/2026 09:52;PHSILVA
22/05/2026 09:42;PHSILVA
22/05/2026 09:43;PHSILVA
22/05/2026 09:43;PHSILVA
22/05/2026 09:07;PHSILVA
22/05/2026 09:14;PHSILVA
22/05/2026 09:13;PHSILVA
22/05/2026 09:13;PHSILVA
22/05/2026 09:13;PHSILVA
22/05/2026 09:13;PHSILVA
22/05/2026 09:13;PHSILVA
22/05/2026 09:14;PHSILVA
22/05/2026 09:14;PHSILVA
22/05/2026 09:14;PHSILVA
22/05/2026 09:14;PHSILVA
22/05/2026 09:14;PHSILVA
22/05/2026 09:10;PHSILVA
22/05/2026 09:10;PHSILVA
22/05/2026 09:10;PHSILVA
22/05/2026 09:10;PHSILVA
22/05/2026 09:11;PHSILVA
22/05/2026 09:11;PHSILVA
22/05/2026 09:11;PHSILVA
22/05/2026 09:11;PHSILVA
22/05/2026 09:52;PHSILVA
22/05/2026 09:44;PHSILVA
22/05/2026 09:44;PHSILVA
22/05/2026 10:31;PHSILVA
22/05/2026 10:32;PHSILVA
22/05/2026 10:32;PHSILVA
22/05/2026 10:32;PHSILVA
22/05/2026 10:32;PHSILVA
22/05/2026 10:41;PHSILVA
22/05/2026 10:41;PHSILVA
22/05/2026 10:41;PHSILVA
22/05/2026 10:41;PHSILVA
22/05/2026 10:13;PHSILVA
22/05/2026 10:13;PHSILVA
22/05/2026 10:13;PHSILVA
22/05/2026 10:13;PHSILVA
22/05/2026 08:46;PHSILVA
22/05/2026 08:46;PHSILVA
22/05/2026 08:47;PHSILVA
22/05/2026 08:47;PHSILVA
22/05/2026 08:47;PHSILVA
22/05/2026 08:47;PHSILVA
22/05/2026 08:47;PHSILVA
22/05/2026 08:47;PHSILVA
22/05/2026 08:47;PHSILVA
22/05/2026 08:47;PHSILVA
22/05/2026 08:47;PHSILVA
22/05/2026 08:47;PHSILVA
22/05/2026 09:42;PHSILVA
22/05/2026 09:42;PHSILVA
22/05/2026 09:42;PHSILVA
22/05/2026 09:43;PHSILVA
22/05/2026 09:44;PHSILVA
22/05/2026 09:44;PHSILVA
22/05/2026 08:41;PHSILVA
22/05/2026 08:41;PHSILVA
22/05/2026 08:41;PHSILVA
22/05/2026 08:41;PHSILVA
22/05/2026 08:41;PHSILVA
22/05/2026 08:42;PHSILVA
22/05/2026 08:42;PHSILVA
22/05/2026 08:42;PHSILVA
22/05/2026 08:42;PHSILVA
22/05/2026 08:54;PHSILVA
22/05/2026 08:54;PHSILVA
22/05/2026 08:54;PHSILVA
22/05/2026 08:54;PHSILVA
22/05/2026 08:55;PHSILVA
22/05/2026 08:55;PHSILVA
22/05/2026 08:55;PHSILVA
22/05/2026 08:55;PHSILVA
22/05/2026 08:55;PHSILVA
22/05/2026 08:55;PHSILVA
22/05/2026 08:59;PHSILVA
22/05/2026 08:59;PHSILVA
22/05/2026 08:59;PHSILVA
22/05/2026 08:59;PHSILVA
22/05/2026 08:59;PHSILVA
22/05/2026 08:59;PHSILVA
22/05/2026 08:59;PHSILVA
22/05/2026 08:59;PHSILVA
22/05/2026 08:59;PHSILVA
22/05/2026 08:59;PHSILVA
22/05/2026 08:59;PHSILVA
22/05/2026 08:59;PHSILVA
22/05/2026 08:59;PHSILVA
22/05/2026 08:59;PHSILVA
22/05/2026 08:59;PHSILVA
22/05/2026 08:59;PHSILVA
22/05/2026 09:13;PHSILVA
22/05/2026 09:13;PHSILVA
22/05/2026 09:13;PHSILVA
22/05/2026 09:13;PHSILVA
22/05/2026 08:59;PHSILVA
22/05/2026 09:13;PHSILVA
22/05/2026 09:14;PHSILVA
22/05/2026 09:14;PHSILVA
22/05/2026 09:14;PHSILVA
22/05/2026 09:14;PHSILVA
22/05/2026 10:11;PHSILVA
22/05/2026 10:11;PHSILVA
22/05/2026 10:11;PHSILVA
22/05/2026 10:11;PHSILVA
22/05/2026 10:04;PHSILVA
22/05/2026 10:04;PHSILVA
22/05/2026 10:04;PHSILVA
22/05/2026 10:31;PHSILVA
22/05/2026 10:31;PHSILVA
22/05/2026 10:32;PHSILVA
22/05/2026 10:32;PHSILVA
22/05/2026 10:32;PHSILVA
22/05/2026 10:32;PHSILVA
22/05/2026 10:32;PHSILVA
22/05/2026 10:32;PHSILVA
22/05/2026 10:32;PHSILVA
22/05/2026 10:32;PHSILVA
22/05/2026 10:32;PHSILVA
22/05/2026 10:32;PHSILVA
22/05/2026 10:04;PHSILVA
22/05/2026 10:04;PHSILVA
22/05/2026 10:04;PHSILVA
22/05/2026 10:14;PHSILVA
22/05/2026 10:44;PHSILVA
22/05/2026 10:41;PHSILVA
22/05/2026 10:41;PHSILVA
22/05/2026 10:41;PHSILVA
22/05/2026 10:41;PHSILVA
22/05/2026 10:41;PHSILVA
22/05/2026 10:41;PHSILVA
22/05/2026 10:41;PHSILVA
22/05/2026 10:41;PHSILVA
22/05/2026 10:41;PHSILVA
22/05/2026 10:41;PHSILVA
22/05/2026 10:41;PHSILVA
22/05/2026 10:41;PHSILVA
22/05/2026 10:41;PHSILVA
22/05/2026 10:41;PHSILVA
22/05/2026 10:41;PHSILVA
22/05/2026 10:10;PHSILVA
22/05/2026 10:10;PHSILVA
22/05/2026 10:10;PHSILVA
22/05/2026 10:10;PHSILVA
22/05/2026 10:10;PHSILVA
22/05/2026 10:10;PHSILVA
22/05/2026 10:10;PHSILVA
22/05/2026 10:10;PHSILVA
22/05/2026 10:10;PHSILVA
22/05/2026 10:10;PHSILVA
22/05/2026 10:05;PHSILVA
22/05/2026 10:41;PHSILVA
22/05/2026 10:11;PHSILVA
22/05/2026 10:11;PHSILVA
22/05/2026 10:11;PHSILVA
22/05/2026 10:11;PHSILVA
22/05/2026 10:44;PHSILVA
22/05/2026 08:55;PHSILVA
22/05/2026 08:55;PHSILVA
22/05/2026 08:55;PHSILVA
22/05/2026 08:55;PHSILVA
22/05/2026 08:55;PHSILVA
22/05/2026 08:55;PHSILVA
22/05/2026 08:55;PHSILVA
22/05/2026 08:55;PHSILVA
22/05/2026 08:55;PHSILVA
22/05/2026 08:55;PHSILVA
22/05/2026 08:55;PHSILVA
22/05/2026 08:55;PHSILVA
22/05/2026 09:04;PHSILVA
22/05/2026 09:04;PHSILVA
22/05/2026 09:04;PHSILVA
22/05/2026 09:04;PHSILVA
22/05/2026 09:04;PHSILVA
22/05/2026 09:04;PHSILVA
22/05/2026 09:04;PHSILVA
22/05/2026 09:04;PHSILVA
22/05/2026 09:05;PHSILVA
22/05/2026 09:04;PHSILVA
22/05/2026 08:48;PHSILVA
22/05/2026 08:48;PHSILVA
22/05/2026 08:41;PHSILVA
22/05/2026 08:41;PHSILVA
22/05/2026 08:42;PHSILVA
22/05/2026 08:42;PHSILVA
22/05/2026 08:42;PHSILVA
22/05/2026 08:42;PHSILVA
22/05/2026 08:42;PHSILVA
22/05/2026 08:59;PHSILVA
22/05/2026 08:59;PHSILVA
22/05/2026 08:42;PHSILVA
22/05/2026 08:42;PHSILVA
22/05/2026 08:42;PHSILVA
22/05/2026 08:42;PHSILVA
22/05/2026 08:42;PHSILVA
22/05/2026 09:02;PHSILVA
22/05/2026 08:59;PHSILVA
22/05/2026 10:04;PHSILVA
22/05/2026 10:05;PHSILVA
22/05/2026 10:05;PHSILVA
22/05/2026 10:05;PHSILVA
22/05/2026 10:05;PHSILVA
22/05/2026 10:04;PHSILVA
22/05/2026 10:04;PHSILVA
22/05/2026 10:04;PHSILVA
22/05/2026 10:14;PHSILVA
22/05/2026 10:15;PHSILVA
22/05/2026 10:15;PHSILVA
22/05/2026 10:10;PHSILVA
22/05/2026 10:10;PHSILVA
22/05/2026 10:10;PHSILVA
22/05/2026 10:10;PHSILVA
22/05/2026 10:10;PHSILVA
22/05/2026 10:10;PHSILVA
22/05/2026 10:10;PHSILVA
22/05/2026 10:10;PHSILVA
22/05/2026 10:10;PHSILVA
22/05/2026 10:10;PHSILVA
22/05/2026 10:10;PHSILVA
22/05/2026 10:10;PHSILVA
22/05/2026 09:47;RYAN.VEIGA
22/05/2026 09:47;RYAN.VEIGA
22/05/2026 09:47;RYAN.VEIGA
22/05/2026 09:37;RYAN.VEIGA
22/05/2026 09:38;RYAN.VEIGA
22/05/2026 09:38;RYAN.VEIGA
22/05/2026 09:38;RYAN.VEIGA
22/05/2026 09:41;RYAN.VEIGA
22/05/2026 09:41;RYAN.VEIGA
22/05/2026 09:43;RYAN.VEIGA
22/05/2026 09:43;RYAN.VEIGA
22/05/2026 09:44;RYAN.VEIGA
22/05/2026 09:44;RYAN.VEIGA
22/05/2026 09:44;RYAN.VEIGA
22/05/2026 09:47;RYAN.VEIGA
22/05/2026 09:47;RYAN.VEIGA
22/05/2026 09:47;RYAN.VEIGA
22/05/2026 09:47;RYAN.VEIGA
22/05/2026 09:47;RYAN.VEIGA
22/05/2026 09:47;RYAN.VEIGA
22/05/2026 09:47;RYAN.VEIGA
22/05/2026 09:45;RYAN.VEIGA
22/05/2026 09:45;RYAN.VEIGA
22/05/2026 09:45;RYAN.VEIGA
22/05/2026 09:45;RYAN.VEIGA
22/05/2026 09:37;RYAN.VEIGA
22/05/2026 09:37;RYAN.VEIGA
22/05/2026 09:37;RYAN.VEIGA
22/05/2026 09:38;RYAN.VEIGA
22/05/2026 09:45;RYAN.VEIGA
22/05/2026 09:45;RYAN.VEIGA
22/05/2026 09:45;RYAN.VEIGA
22/05/2026 09:45;RYAN.VEIGA
22/05/2026 09:37;RYAN.VEIGA
22/05/2026 09:37;RYAN.VEIGA
22/05/2026 09:37;RYAN.VEIGA
22/05/2026 09:37;RYAN.VEIGA
22/05/2026 09:45;RYAN.VEIGA
22/05/2026 09:38;RYAN.VEIGA
22/05/2026 09:45;RYAN.VEIGA
22/05/2026 09:45;RYAN.VEIGA
22/05/2026 09:45;RYAN.VEIGA
22/05/2026 09:45;RYAN.VEIGA
22/05/2026 09:43;RYAN.VEIGA
22/05/2026 09:37;RYAN.VEIGA
22/05/2026 09:44;RYAN.VEIGA
22/05/2026 09:45;RYAN.VEIGA
22/05/2026 09:45;RYAN.VEIGA
22/05/2026 09:45;RYAN.VEIGA
22/05/2026 09:41;RYAN.VEIGA
22/05/2026 09:43;RYAN.VEIGA
22/05/2026 09:43;RYAN.VEIGA
22/05/2026 09:43;RYAN.VEIGA
22/05/2026 09:43;RYAN.VEIGA
22/05/2026 09:43;RYAN.VEIGA
22/05/2026 09:44;RYAN.VEIGA
22/05/2026 09:44;RYAN.VEIGA
22/05/2026 09:44;RYAN.VEIGA
22/05/2026 09:44;RYAN.VEIGA
22/05/2026 09:37;RYAN.VEIGA
22/05/2026 10:28;PAULO.TELES
22/05/2026 10:28;PAULO.TELES
22/05/2026 10:28;PAULO.TELES
22/05/2026 10:28;PAULO.TELES
22/05/2026 10:28;PAULO.TELES
22/05/2026 10:28;PAULO.TELES
22/05/2026 10:28;PAULO.TELES
22/05/2026 10:28;PAULO.TELES
22/05/2026 10:28;PAULO.TELES
22/05/2026 10:28;PAULO.TELES
22/05/2026 10:26;PAULO.TELES
22/05/2026 10:26;PAULO.TELES
22/05/2026 10:26;PAULO.TELES
22/05/2026 10:00;PAULO.TELES
22/05/2026 10:00;PAULO.TELES
22/05/2026 10:01;PAULO.TELES
22/05/2026 10:01;PAULO.TELES
22/05/2026 10:13;PAULO.TELES
22/05/2026 10:13;PAULO.TELES
22/05/2026 10:13;PAULO.TELES
22/05/2026 10:13;PAULO.TELES
22/05/2026 10:22;PAULO.TELES
22/05/2026 10:22;PAULO.TELES
22/05/2026 10:22;PAULO.TELES
22/05/2026 10:22;PAULO.TELES
22/05/2026 10:23;PAULO.TELES
22/05/2026 09:24;PAULO.TELES
22/05/2026 09:24;PAULO.TELES
22/05/2026 09:24;PAULO.TELES
22/05/2026 09:24;PAULO.TELES
22/05/2026 09:37;PAULO.TELES
22/05/2026 09:37;PAULO.TELES
22/05/2026 09:38;PAULO.TELES
22/05/2026 09:38;PAULO.TELES
22/05/2026 09:38;PAULO.TELES
22/05/2026 09:38;PAULO.TELES
22/05/2026 09:38;PAULO.TELES
22/05/2026 09:38;PAULO.TELES
22/05/2026 09:38;PAULO.TELES
22/05/2026 09:38;PAULO.TELES
22/05/2026 09:38;PAULO.TELES
22/05/2026 09:38;PAULO.TELES
22/05/2026 10:14;PAULO.TELES
22/05/2026 10:14;PAULO.TELES
22/05/2026 10:06;PAULO.TELES
22/05/2026 10:06;PAULO.TELES
22/05/2026 10:06;PAULO.TELES
22/05/2026 10:06;PAULO.TELES
22/05/2026 10:06;PAULO.TELES
22/05/2026 10:06;PAULO.TELES
22/05/2026 10:06;PAULO.TELES
22/05/2026 10:13;PAULO.TELES
22/05/2026 09:43;PAULO.TELES
22/05/2026 09:43;PAULO.TELES
22/05/2026 09:43;PAULO.TELES
22/05/2026 09:43;PAULO.TELES
22/05/2026 09:43;PAULO.TELES
22/05/2026 09:44;PAULO.TELES
22/05/2026 10:22;PAULO.TELES
22/05/2026 10:22;PAULO.TELES
22/05/2026 10:22;PAULO.TELES
22/05/2026 10:23;PAULO.TELES
22/05/2026 10:23;PAULO.TELES
22/05/2026 10:23;PAULO.TELES
22/05/2026 10:23;PAULO.TELES
22/05/2026 10:23;PAULO.TELES
22/05/2026 10:23;PAULO.TELES
22/05/2026 09:44;PAULO.TELES
22/05/2026 09:43;PAULO.TELES
22/05/2026 09:43;PAULO.TELES
22/05/2026 09:37;PAULO.TELES
22/05/2026 09:37;PAULO.TELES
22/05/2026 09:38;PAULO.TELES
22/05/2026 09:38;PAULO.TELES
22/05/2026 09:38;PAULO.TELES
22/05/2026 09:38;PAULO.TELES
22/05/2026 09:37;PAULO.TELES
22/05/2026 09:38;PAULO.TELES
22/05/2026 09:43;PAULO.TELES
22/05/2026 10:13;PAULO.TELES
22/05/2026 10:13;PAULO.TELES
22/05/2026 10:13;PAULO.TELES
22/05/2026 10:13;PAULO.TELES
22/05/2026 10:13;PAULO.TELES
22/05/2026 09:25;PAULO.TELES
22/05/2026 09:43;PAULO.TELES
22/05/2026 09:43;PAULO.TELES
22/05/2026 09:44;PAULO.TELES
22/05/2026 09:44;PAULO.TELES
22/05/2026 09:44;PAULO.TELES
22/05/2026 09:44;PAULO.TELES
22/05/2026 09:44;PAULO.TELES
22/05/2026 09:44;PAULO.TELES
22/05/2026 09:44;PAULO.TELES
22/05/2026 09:44;PAULO.TELES
22/05/2026 09:24;PAULO.TELES
22/05/2026 09:24;PAULO.TELES
22/05/2026 09:24;PAULO.TELES
22/05/2026 09:24;PAULO.TELES
22/05/2026 09:25;PAULO.TELES
22/05/2026 09:24;PAULO.TELES
22/05/2026 09:24;PAULO.TELES
22/05/2026 09:24;PAULO.TELES
22/05/2026 09:24;PAULO.TELES
22/05/2026 09:24;PAULO.TELES
22/05/2026 09:24;PAULO.TELES
22/05/2026 09:24;PAULO.TELES
22/05/2026 09:25;PAULO.TELES
22/05/2026 09:25;PAULO.TELES
22/05/2026 09:25;PAULO.TELES
22/05/2026 10:14;PAULO.TELES
22/05/2026 10:14;PAULO.TELES
22/05/2026 10:26;PAULO.TELES
22/05/2026 10:23;PAULO.TELES
22/05/2026 10:14;PAULO.TELES
22/05/2026 10:14;PAULO.TELES
22/05/2026 10:14;PAULO.TELES
22/05/2026 10:14;PAULO.TELES
22/05/2026 10:26;PAULO.TELES
22/05/2026 10:06;PAULO.TELES
22/05/2026 10:06;PAULO.TELES
22/05/2026 10:06;PAULO.TELES
22/05/2026 10:06;PAULO.TELES
22/05/2026 10:01;PAULO.TELES
22/05/2026 10:01;PAULO.TELES
22/05/2026 10:01;PAULO.TELES
22/05/2026 10:26;PAULO.TELES
22/05/2026 10:26;PAULO.TELES
22/05/2026 10:26;PAULO.TELES
22/05/2026 10:25;PAULO.TELES
22/05/2026 10:25;PAULO.TELES
22/05/2026 09:59;PAULO.TELES
22/05/2026 10:00;PAULO.TELES
22/05/2026 10:00;PAULO.TELES
22/05/2026 10:00;PAULO.TELES
22/05/2026 10:00;PAULO.TELES
22/05/2026 10:00;PAULO.TELES
22/05/2026 10:00;PAULO.TELES
22/05/2026 10:00;PAULO.TELES
22/05/2026 10:00;PAULO.TELES
22/05/2026 10:00;PAULO.TELES
22/05/2026 10:01;PAULO.TELES
22/05/2026 10:01;PAULO.TELES
22/05/2026 10:01;PAULO.TELES
22/05/2026 10:06;PAULO.TELES
22/05/2026 10:06;PAULO.TELES
22/05/2026 10:06;PAULO.TELES
22/05/2026 10:06;PAULO.TELES
22/05/2026 10:14;PAULO.TELES
22/05/2026 10:14;PAULO.TELES
22/05/2026 10:23;PAULO.TELES
22/05/2026 10:23;PAULO.TELES
22/05/2026 10:23;PAULO.TELES
22/05/2026 10:23;PAULO.TELES
22/05/2026 10:23;PAULO.TELES
22/05/2026 10:46;JOSE.SILVA
22/05/2026 10:46;JOSE.SILVA
22/05/2026 10:46;JOSE.SILVA
22/05/2026 10:46;JOSE.SILVA
22/05/2026 10:46;JOSE.SILVA
22/05/2026 10:46;JOSE.SILVA
22/05/2026 10:45;JOSE.SILVA
22/05/2026 10:45;JOSE.SILVA
22/05/2026 10:45;JOSE.SILVA
22/05/2026 10:32;JOSE.SILVA
22/05/2026 10:32;JOSE.SILVA
22/05/2026 10:32;JOSE.SILVA
22/05/2026 10:43;JOSE.SILVA
22/05/2026 10:32;JOSE.SILVA
22/05/2026 10:32;JOSE.SILVA
22/05/2026 10:32;JOSE.SILVA
22/05/2026 10:32;JOSE.SILVA
22/05/2026 10:32;JOSE.SILVA
22/05/2026 10:32;JOSE.SILVA
22/05/2026 10:37;JOSE.SILVA
22/05/2026 10:37;JOSE.SILVA
22/05/2026 10:37;JOSE.SILVA
22/05/2026 10:37;JOSE.SILVA
22/05/2026 10:37;JOSE.SILVA
22/05/2026 10:37;JOSE.SILVA
22/05/2026 10:37;JOSE.SILVA
22/05/2026 10:37;JOSE.SILVA
22/05/2026 10:37;JOSE.SILVA
22/05/2026 10:37;JOSE.SILVA
22/05/2026 10:46;JOSE.SILVA
22/05/2026 10:46;JOSE.SILVA
22/05/2026 10:45;JOSE.SILVA
22/05/2026 10:32;JOSE.SILVA
22/05/2026 10:32;JOSE.SILVA
22/05/2026 10:32;JOSE.SILVA
22/05/2026 10:32;JOSE.SILVA
22/05/2026 10:32;JOSE.SILVA
22/05/2026 10:32;JOSE.SILVA
22/05/2026 10:32;JOSE.SILVA
22/05/2026 10:32;JOSE.SILVA
22/05/2026 10:32;JOSE.SILVA
22/05/2026 10:32;JOSE.SILVA
22/05/2026 10:32;JOSE.SILVA
22/05/2026 10:35;JOSE.SILVA
22/05/2026 10:37;JOSE.SILVA
22/05/2026 10:37;JOSE.SILVA
22/05/2026 10:37;JOSE.SILVA
22/05/2026 10:37;JOSE.SILVA
22/05/2026 10:35;JOSE.SILVA
22/05/2026 10:43;JOSE.SILVA
22/05/2026 10:45;JOSE.SILVA
22/05/2026 10:45;JOSE.SILVA
22/05/2026 10:45;JOSE.SILVA
22/05/2026 10:35;JOSE.SILVA
22/05/2026 10:35;JOSE.SILVA
22/05/2026 10:35;JOSE.SILVA
22/05/2026 10:36;JOSE.SILVA
22/05/2026 10:37;JOSE.SILVA
22/05/2026 10:37;JOSE.SILVA
22/05/2026 10:37;JOSE.SILVA
22/05/2026 10:37;JOSE.SILVA
22/05/2026 10:37;JOSE.SILVA
22/05/2026 10:42;JOSE.SILVA
22/05/2026 10:43;JOSE.SILVA
22/05/2026 10:45;JOSE.SILVA
22/05/2026 10:45;JOSE.SILVA
22/05/2026 10:45;JOSE.SILVA
22/05/2026 10:45;JOSE.SILVA
22/05/2026 10:45;JOSE.SILVA
